strike,call_localSymbol,call_conId,put_localSymbol,put_conId
500.0,SPY   260109C00500000,835190267,SPY   260109P00500000,835193808
505.0,SPY   260109C00505000,835190324,SPY   260109P00505000,835193848
510.0,SPY   260109C00510000,835190359,SPY   260109P00510000,835193873
515.0,SPY   260109C00515000,835190384,SPY   260109P00515000,835193910
520.0,SPY   260109C00520000,835190439,SPY   260109P00520000,835193941
525.0,SPY   260109C00525000,835190478,SPY   260109P00525000,835193975
530.0,SPY   260109C00530000,835190514,SPY   260109P00530000,835194009
535.0,SPY   260109C00535000,835190552,SPY   260109P00535000,835194046
540.0,SPY   260109C00540000,835190594,SPY   260109P00540000,835194084
545.0,SPY   260109C00545000,835190644,SPY   260109P00545000,835194123
550.0,SPY   260109C00550000,835190691,SPY   260109P00550000,835194153
555.0,SPY   260109C00555000,835190737,SPY   260109P00555000,835194193
560.0,SPY   260109C00560000,835190787,SPY   260109P00560000,835194233
565.0,SPY   260109C00565000,835190850,SPY   260109P00565000,835194263
570.0,SPY   260109C00570000,835190876,SPY   260109P00570000,835194303
575.0,SPY   260109C00575000,835190928,SPY   260109P00575000,835194323
580.0,SPY   260109C00580000,835190976,SPY   260109P00580000,835194356
585.0,SPY   260109C00585000,835191016,SPY   260109P00585000,835194405
590.0,SPY   260109C00590000,835191082,SPY   260109P00590000,835194435
595.0,SPY   260109C00595000,835191128,SPY   260109P00595000,835194468
600.0,SPY   260109C00600000,835191178,SPY   260109P00600000,835194513
605.0,SPY   260109C00605000,835191219,SPY   260109P00605000,835194550
610.0,SPY   260109C00610000,835191270,SPY   260109P00610000,835194595
615.0,SPY   260109C00615000,835191307,SPY   260109P00615000,835194642
620.0,SPY   260109C00620000,835191352,SPY   260109P00620000,835194670
625.0,SPY   260109C00625000,835191394,SPY   260109P00625000,835194696
630.0,SPY   260109C00630000,835191442,SPY   260109P00630000,835194730
635.0,SPY   260109C00635000,835191482,SPY   260109P00635000,835194753
640.0,SPY   260109C00640000,835191513,SPY   260109P00640000,835194793
645.0,SPY   260109C00645000,835191552,SPY   260109P00645000,835194826
648.0,SPY   260109C00648000,835191592,SPY   260109P00648000,835194855
649.0,SPY   260109C00649000,835191637,SPY   260109P00649000,835194882
650.0,SPY   260109C00650000,835191687,SPY   260109P00650000,835194908
651.0,SPY   260109C00651000,835191722,SPY   260109P00651000,835194939
652.0,SPY   260109C00652000,835191756,SPY   260109P00652000,835194962
653.0,SPY   260109C00653000,835191802,SPY   260109P00653000,835194987
654.0,SPY   260109C00654000,835191830,SPY   260109P00654000,835195008
655.0,SPY   260109C00655000,835191875,SPY   260109P00655000,835195042
656.0,SPY   260109C00656000,835191935,SPY   260109P00656000,835195068
657.0,SPY   260109C00657000,835191975,SPY   260109P00657000,835195093
658.0,SPY   260109C00658000,835192011,SPY   260109P00658000,835195128
659.0,SPY   260109C00659000,835192038,SPY   260109P00659000,835195165
660.0,SPY   260109C00660000,834833282,SPY   260109P00660000,834835072
661.0,SPY   260109C00661000,834833342,SPY   260109P00661000,834835129
662.0,SPY   260109C00662000,834833397,SPY   260109P00662000,834835191
663.0,SPY   260109C00663000,834833430,SPY   260109P00663000,834835246
664.0,SPY   260109C00664000,834833496,SPY   260109P00664000,834835286
665.0,SPY   260109C00665000,834833536,SPY   260109P00665000,834835349
666.0,SPY   260109C00666000,834833590,SPY   260109P00666000,834835426
667.0,SPY   260109C00667000,834833655,SPY   260109P00667000,834835477
668.0,SPY   260109C00668000,834833710,SPY   260109P00668000,834835537
669.0,SPY   260109C00669000,834833753,SPY   260109P00669000,834835596
670.0,SPY   260109C00670000,834833827,SPY   260109P00670000,834835656
671.0,SPY   260109C00671000,834833895,SPY   260109P00671000,834835722
672.0,SPY   260109C00672000,834833959,SPY   260109P00672000,834835797
673.0,SPY   260109C00673000,834834040,SPY   260109P00673000,834835853
674.0,SPY   260109C00674000,834834095,SPY   260109P00674000,834835910
675.0,SPY   260109C00675000,834834148,SPY   260109P00675000,834835977
676.0,SPY   260109C00676000,834834220,SPY   260109P00676000,834836039
677.0,SPY   260109C00677000,834834291,SPY   260109P00677000,834836094
678.0,SPY   260109C00678000,834834350,SPY   260109P00678000,834836157
679.0,SPY   260109C00679000,834834405,SPY   260109P00679000,834836214
680.0,SPY   260109C00680000,834834483,SPY   260109P00680000,834836283
681.0,SPY   260109C00681000,834834534,SPY   260109P00681000,834836336
682.0,SPY   260109C00682000,834834622,SPY   260109P00682000,834836406
683.0,SPY   260109C00683000,834834689,SPY   260109P00683000,834836466
684.0,SPY   260109C00684000,834834767,SPY   260109P00684000,834836556
685.0,SPY   260109C00685000,834834825,SPY   260109P00685000,834836613
686.0,SPY   260109C00686000,834834879,SPY   260109P00686000,834836653
687.0,SPY   260109C00687000,834834946,SPY   260109P00687000,834836688
688.0,SPY   260109C00688000,834835006,SPY   260109P00688000,834836739
689.0,SPY   260109C00689000,835192156,SPY   260109P00689000,835195259
690.0,SPY   260109C00690000,835192187,SPY   260109P00690000,835195285
691.0,SPY   260109C00691000,835192230,SPY   260109P00691000,835195314
692.0,SPY   260109C00692000,835192271,SPY   260109P00692000,835195333
693.0,SPY   260109C00693000,835192310,SPY   260109P00693000,835195348
694.0,SPY   260109C00694000,835192350,SPY   260109P00694000,835195368
695.0,SPY   260109C00695000,835192385,SPY   260109P00695000,835195392
696.0,SPY   260109C00696000,835192425,SPY   260109P00696000,835195407
697.0,SPY   260109C00697000,835192473,SPY   260109P00697000,835195431
698.0,SPY   260109C00698000,835192518,SPY   260109P00698000,835195449
699.0,SPY   260109C00699000,835192560,SPY   260109P00699000,835195472
700.0,SPY   260109C00700000,835192597,SPY   260109P00700000,835195487
701.0,SPY   260109C00701000,835192632,SPY   260109P00701000,835195506
702.0,SPY   260109C00702000,835192694,SPY   260109P00702000,835195533
703.0,SPY   260109C00703000,835192737,SPY   260109P00703000,835195562
704.0,SPY   260109C00704000,835192787,SPY   260109P00704000,835195582
705.0,SPY   260109C00705000,835192846,SPY   260109P00705000,835195607
706.0,SPY   260109C00706000,835192901,SPY   260109P00706000,835195630
707.0,SPY   260109C00707000,835192953,SPY   260109P00707000,835195662
708.0,SPY   260109C00708000,835193008,SPY   260109P00708000,835195686
709.0,SPY   260109C00709000,835193066,SPY   260109P00709000,835195709
710.0,SPY   260109C00710000,835193108,SPY   260109P00710000,835195742
711.0,SPY   260109C00711000,841817829,SPY   260109P00711000,841818031
712.0,SPY   260109C00712000,841817856,SPY   260109P00712000,841818057
713.0,SPY   260109C00713000,841817876,SPY   260109P00713000,841818084
714.0,SPY   260109C00714000,841817913,SPY   260109P00714000,841818106
715.0,SPY   260109C00715000,835193163,SPY   260109P00715000,835195769
716.0,SPY   260109C00716000,841817936,SPY   260109P00716000,841818135
717.0,SPY   260109C00717000,841817961,SPY   260109P00717000,841818155
718.0,SPY   260109C00718000,841817991,SPY   260109P00718000,841818175
719.0,SPY   260109C00719000,841818012,SPY   260109P00719000,841818195
720.0,SPY   260109C00720000,835193196,SPY   260109P00720000,835195799
721.0,SPY   260109C00721000,843608472,SPY   260109P00721000,843609240
722.0,SPY   260109C00722000,843608554,SPY   260109P00722000,843609302
725.0,SPY   260109C00725000,835193235,SPY   260109P00725000,835195829
730.0,SPY   260109C00730000,835193278,SPY   260109P00730000,835195862
735.0,SPY   260109C00735000,835193313,SPY   260109P00735000,835195889
740.0,SPY   260109C00740000,835193350,SPY   260109P00740000,835195922
745.0,SPY   260109C00745000,835193387,SPY   260109P00745000,835195950
750.0,SPY   260109C00750000,835193421,SPY   260109P00750000,835195976
755.0,SPY   260109C00755000,835193455,SPY   260109P00755000,835195996
760.0,SPY   260109C00760000,835193488,SPY   260109P00760000,835196017
765.0,SPY   260109C00765000,835193516,SPY   260109P00765000,835196043
770.0,SPY   260109C00770000,835193546,SPY   260109P00770000,835196073
775.0,SPY   260109C00775000,835193596,SPY   260109P00775000,835196096
780.0,SPY   260109C00780000,835193632,SPY   260109P00780000,835196130
785.0,SPY   260109C00785000,835193667,SPY   260109P00785000,835196167
790.0,SPY   260109C00790000,835193693,SPY   260109P00790000,835196192
795.0,SPY   260109C00795000,835193733,SPY   260109P00795000,835196227
800.0,SPY   260109C00800000,835193768,SPY   260109P00800000,835196257
805.0,SPY   260109C00805000,843608613,SPY   260109P00805000,843609359
810.0,SPY   260109C00810000,843608683,SPY   260109P00810000,843609412
815.0,SPY   260109C00815000,843608738,SPY   260109P00815000,843609469
820.0,SPY   260109C00820000,843608794,SPY   260109P00820000,843609519
825.0,SPY   260109C00825000,843608856,SPY   260109P00825000,843609565
830.0,SPY   260109C00830000,843608924,SPY   260109P00830000,843609636
835.0,SPY   260109C00835000,843608981,SPY   260109P00835000,843609711
840.0,SPY   260109C00840000,843609058,SPY   260109P00840000,843609789
845.0,SPY   260109C00845000,843609123,SPY   260109P00845000,843609858
850.0,SPY   260109C00850000,843609182,SPY   260109P00850000,843609943
